epoch_id,task_category,D0,lambda,Dinf,n_points,r2
2,COGNITIVE,-0.3542247457532131,0.0106771290340482,0.5584543795409042,2985,0.1879947791532571
7,COGNITIVE,-0.4417273676156926,0.0690697541478046,0.4229946458967723,1549,0.113012295807365
12,CREATIVE,-0.5638232476576687,0.0083204160049975,0.5379116595594646,2989,0.5340215334318086
