epoch_id,task,n,exp1_lambda,exp1_D0,exp1_Dinf,r2_exp1,log_lambda
2,COGNITIVE,2983,0.010379099814111,-0.3454824762872804,0.5482486220920432,0.2406092644301889,-4.567961128115755
7,COGNITIVE,1547,0.0692881848235022,-0.4269327335700763,0.4119587225583304,0.1494055410942746,-2.6694808804892483
12,CREATIVE,2987,0.0080963559877679,-0.5591260817291285,0.5301971011012748,0.6148612579440154,-4.816341196582582
15,CREATIVE,2523,0.0036464554138455,0.1461531635399388,0.4735174615452227,0.1472943010218627,-5.613999702724158
20,BASELINE,1253,0.0083061128404817,-0.3963208386267125,0.5926315873564765,0.3983714025418378,-4.790763548447881
24,BASELINE,1373,0.006292848283671,-0.7553614216398705,0.713609721315031,0.4329293947138162,-5.068341483472439
26,COGNITIVE,1243,0.0061248488336815,-0.3816037060842989,0.5514128078052577,0.3536528151030235,-5.095401203071173
28,COGNITIVE,2357,0.0097770953474516,-0.4311550587440086,0.4435110934864392,0.2040849792995136,-4.627712838286497
