task,dAIC_lin,dAIC_exp1,dAIC_exp2
BASELINE,250.01152205390417,6.392834240606135,0.0
COGNITIVE,170.61457240042068,79.08997115353873,0.0
CREATIVE,179.68876706755464,28.609323828832203,0.0
