{
  "domains": [
    "Neural Networks",
    "DefenseKit Software",
    "Planetary Orbits (Stable)"
  ],
  "classical_confidences": [
    0.7623195530375334,
    0.7336101830847546,
    0.6037680341672546
  ],
  "quantum_confidences": [
    0.5807440176279549,
    0.6020553076764961,
    0.63998760158785
  ],
  "confidence_boosts": [
    -0.1815755354095785,
    -0.1315548754082585,
    0.0362195674205954
  ],
  "variance_reductions": [
    0.015399999999999999,
    0.001267679960580351,
    0.15894999999999998
  ],
  "quantum_factors": [
    1.2643037943607738,
    1.2554382858518132,
    1.3543557987670896
  ]
}