regime_numbers,time_to_peak_ratio,collatz_steps,consensus_distance_zmean
0,0.034016980015105364,43.45530559426638,0.22753562088536064
1,0.36262563661053654,124.80926430517711,-0.25756470137756143
2,0.061783540124312315,149.93811780636426,-0.21992405275225171
