regime_music,time_to_peak_ratio,collatz_steps,consensus_distance_zmean
0,0.049184847064872736,65.4703839869281,1.2669526762203074
1,0.09376436322351203,96.81113089937666,-0.08637086264395724
2,0.11249573445343479,117.90087764584409,-1.3508145367276683
