group,tpr_mean,tpr_std,n,steps_mean,steps_std,cdz_mean,cdz_std
Composite,0.10393667234548613,0.13190367017351554,10000,114.8055,53.034576800269065,-0.3257760571136728,1.008956395629138
PowerOf2,0.0,0.0,4000,12.34725,6.861846593459227,0.7230405816275147,1.133526468773859
Prime,0.11503742700790033,0.13642636692256754,6000,111.17266666666667,51.83532903768394,0.060933040771111335,0.5012263063841096
