metric,g1,g2,welch_t,p,cohens_d,p_adj
time_to_peak_ratio,Prime,PowerOf2,65.31553233328074,0.0,1.0885740591756354,0.0
time_to_peak_ratio,Prime,Composite,5.04481610904671,4.6043634976779784e-07,0.08307856681912953,0.0
time_to_peak_ratio,PowerOf2,Composite,-78.79740738734593,0.0,-0.932323516608464,4.6043634976779784e-07
collatz_steps,Prime,PowerOf2,145.77540449581159,0.0,2.4470227167088963,0.0
collatz_steps,Prime,Composite,-4.254581350388709,2.109232965192431e-05,-0.06908092398286476,0.0
collatz_steps,PowerOf2,Composite,-189.27142879576195,0.0,-2.2782089516491584,2.109232965192431e-05
consensus_distance_zmean,Prime,PowerOf2,-34.747236840465476,2.0791727086583792e-237,-0.8121305567150046,0.0
consensus_distance_zmean,Prime,Composite,32.262679439539916,4.289378881067686e-221,0.4524637386257468,0.0
consensus_distance_zmean,PowerOf2,Composite,50.99401266936848,0.0,1.002636457205289,3.118759062987569e-237
